,MovieName,Link
0,The Adam Project,https://www.netflix.com/in/title/81309354
1,Red Notice,https://www.netflix.com/in/title/81161626
2,Venom: Let There Be Carnage,https://www.netflix.com/in/title/81199145
3,Spider-Man: Far from Home,https://www.netflix.com/in/title/81055822
4,Dolittle,https://www.netflix.com/in/title/80200487
5,Charlie's Angels,https://www.netflix.com/in/title/80200573
6,We Can Be Heroes,https://www.netflix.com/in/title/80994666
7,Central Intelligence,https://www.netflix.com/in/title/80094318
8,The Pursuit of Happyness,https://www.netflix.com/in/title/70044605
9,Kung Fu Panda 3,https://www.netflix.com/in/title/80071348
10,Shazam!,https://www.netflix.com/in/title/81030627
11,The Angry Birds Movie 2,https://www.netflix.com/in/title/81073593
12,Kung Fu Panda,https://www.netflix.com/in/title/70075480
13,Spider-Man: Into the Spider-Verse,https://www.netflix.com/in/title/81002747
14,White House Down,https://www.netflix.com/in/title/70264801
15,Enola Holmes,https://www.netflix.com/in/title/81277950
16,The Meg,https://www.netflix.com/in/title/80237937
17,The Croods,https://www.netflix.com/in/title/70143241
18,Godzilla: King of the Monsters,https://www.netflix.com/in/title/81044417
19,Twilight,https://www.netflix.com/in/title/70099113
20,Minions,https://www.netflix.com/in/title/80033394
21,Rampage,https://www.netflix.com/in/title/80216309
22,Men in Black: International,https://www.netflix.com/in/title/81057361
23,Kung Fu Panda 2,https://www.netflix.com/in/title/70126574
24,Journey 2: The Mysterious Island,https://www.netflix.com/in/title/70178621
25,Matilda,https://www.netflix.com/in/title/70033005
26,How to Train Your Dragon,https://www.netflix.com/in/title/70109893
27,Back to the Outback,https://www.netflix.com/in/title/81002813
28,The Kissing Booth,https://www.netflix.com/in/title/80143556
29,The Amazing Spider-Man 2,https://www.netflix.com/in/title/70293702
30,Pokémon Detective Pikachu,https://www.netflix.com/in/title/81037695
31,The Royal Treatment,https://www.netflix.com/in/title/81228331
32,The White Tiger,https://www.netflix.com/in/title/80202877
33,Mission: Impossible - Fallout,https://www.netflix.com/in/title/80236314
34,Hotel Transylvania 2,https://www.netflix.com/in/title/80048061
35,Finding ‘Ohana,https://www.netflix.com/in/title/81023618
36,Despicable Me 2,https://www.netflix.com/in/title/70264803
37,Jumanji: Welcome to the Jungle,https://www.netflix.com/in/title/80192646
38,Over the Moon,https://www.netflix.com/in/title/80214236
39,Despicable Me,https://www.netflix.com/in/title/70115629
40,The Secret Life of Pets,https://www.netflix.com/in/title/80095314
41,Transformers: The Last Knight,https://www.netflix.com/in/title/80164399
42,Barbie Big City Big Dreams,https://www.netflix.com/in/title/81246529
43,The Karate Kid,https://www.netflix.com/in/title/70125931
44,Peter Rabbit 2,https://www.netflix.com/in/title/81165117
45,Catch Me If You Can,https://www.netflix.com/in/title/60024942
46,Venom,https://www.netflix.com/in/title/80991034
47,Madagascar: Escape 2 Africa,https://www.netflix.com/in/title/70099116
48,The Incredible Hulk,https://www.netflix.com/in/title/70087537
49,Mission: Impossible - Rogue Nation,https://www.netflix.com/in/title/80038359
50,YES DAY,https://www.netflix.com/in/title/81011712
51,Hotel Transylvania 3: Summer Vacation,https://www.netflix.com/in/title/80233925
52,A Boy Called Christmas,https://www.netflix.com/in/title/81029733
53,Gemini Man,https://www.netflix.com/in/title/81093411
54,Rush Hour,https://www.netflix.com/in/title/17236928
55,Edge of Tomorrow,https://www.netflix.com/in/title/70298735
56,The Last Airbender,https://www.netflix.com/in/title/70119441
57,The Boss Baby: Get That Baby!,https://www.netflix.com/in/title/81054409
58,Now You See Me 2,https://www.netflix.com/in/title/80093138
59,Run,https://www.netflix.com/in/title/81157374
60,Sully,https://www.netflix.com/in/title/80103102
61,Pacific Rim,https://www.netflix.com/in/title/70267241
62,The Italian Job,https://www.netflix.com/in/title/60027706
63,The Intern,https://www.netflix.com/in/title/80047616
64,My Little Pony: A New Generation,https://www.netflix.com/in/title/81424207
65,Hotel Transylvania,https://www.netflix.com/in/title/70220028
66,Top Gun,https://www.netflix.com/in/title/1056189
67,Madagascar 3: Europe's Most Wanted,https://www.netflix.com/in/title/70216224
68,The Kissing Booth 3,https://www.netflix.com/in/title/81026819
69,A Quiet Place,https://www.netflix.com/in/title/80213226
70,The Silence,https://www.netflix.com/in/title/81021447
71,Gods of Egypt,https://www.netflix.com/in/title/80084088
72,G.I. Joe: Retaliation,https://www.netflix.com/in/title/70226287
73,Now You See Me,https://www.netflix.com/in/title/70243464
74,The Twilight Saga: Breaking Dawn: Part 2,https://www.netflix.com/in/title/70206632
75,13 Hours: The Secret Soldiers of Benghazi,https://www.netflix.com/in/title/80067930
76,Extraction,https://www.netflix.com/in/title/80230399
77,White House Down,https://www.netflix.com/in/title/70264801
78,The Meg,https://www.netflix.com/in/title/80237937
79,6 Underground,https://www.netflix.com/in/title/81001887
80,Mission: Impossible - Fallout,https://www.netflix.com/in/title/80236314
81,Jack Reacher: Never Go Back,https://www.netflix.com/in/title/80106762
82,The Old Guard,https://www.netflix.com/in/title/81038963
83,Mission: Impossible - Rogue Nation,https://www.netflix.com/in/title/80038359
84,Gemini Man,https://www.netflix.com/in/title/81093411
85,Edge of Tomorrow,https://www.netflix.com/in/title/70298735
86,The Equalizer,https://www.netflix.com/in/title/70305892
87,Now You See Me 2,https://www.netflix.com/in/title/80093138
88,The Italian Job,https://www.netflix.com/in/title/60027706
89,Wanted,https://www.netflix.com/in/title/70075479
90,The Equalizer 2,https://www.netflix.com/in/title/80236390
91,2012,https://www.netflix.com/in/title/70108779
92,Jack Reacher,https://www.netflix.com/in/title/70243455
93,Triple Frontier,https://www.netflix.com/in/title/80192187
94,Mission: Impossible - Ghost Protocol,https://www.netflix.com/in/title/70173048
95,Wonder Woman,https://www.netflix.com/in/title/80157091
96,In Time,https://www.netflix.com/in/title/70202129
97,Inglourious Basterds,https://www.netflix.com/in/title/70108777
98,Man on Fire,https://www.netflix.com/in/title/60034560
99,Mission: Impossible,https://www.netflix.com/in/title/765912
100,Executive Decision,https://www.netflix.com/in/title/485218
101,The Tourist,https://www.netflix.com/in/title/70142888
102,Jason Bourne,https://www.netflix.com/in/title/80098202
103,The Scorpion King,https://www.netflix.com/in/title/60022643
104,Mission: Impossible III,https://www.netflix.com/in/title/70041961
105,Project Power,https://www.netflix.com/in/title/80204465
106,Mission: Impossible II,https://www.netflix.com/in/title/60000521
107,Constantine,https://www.netflix.com/in/title/70019508
108,The Losers,https://www.netflix.com/in/title/70125553
109,Kate,https://www.netflix.com/in/title/80216200
110,Mr. & Mrs. Smith,https://www.netflix.com/in/title/70021641
111,War of the Worlds,https://www.netflix.com/in/title/70021644
112,Inside Man,https://www.netflix.com/in/title/70044379
113,Sherlock Holmes,https://www.netflix.com/in/title/70110558
114,Tears of the Sun,https://www.netflix.com/in/title/60026139
115,Spenser Confidential,https://www.netflix.com/in/title/81005492
116,Body of Lies,https://www.netflix.com/in/title/70101694
117,The Bourne Identity,https://www.netflix.com/in/title/60022985
118,Blade Runner 2049,https://www.netflix.com/in/title/80185760
119,Sherlock Holmes: A Game of Shadows,https://www.netflix.com/in/title/70202148
120,The Bourne Supremacy,https://www.netflix.com/in/title/60036239
121,The Jackal,https://www.netflix.com/in/title/1181643
122,Spectral,https://www.netflix.com/in/title/80098200
123,American Assassin,https://www.netflix.com/in/title/80182951
124,Shaft,https://www.netflix.com/in/title/80232655
125,Unknown,https://www.netflix.com/in/title/70139387
126,Deep Blue Sea,https://www.netflix.com/in/title/22013422
127,The Bourne Legacy,https://www.netflix.com/in/title/70230638
128,Safe House,https://www.netflix.com/in/title/70208104
129,The Bourne Ultimatum,https://www.netflix.com/in/title/70058031
130,The Eagle,https://www.netflix.com/in/title/70130141
131,Green Zone,https://www.netflix.com/in/title/70114023
132,Jack Ryan: Shadow Recruit,https://www.netflix.com/in/title/70284278
133,Mercury Rising,https://www.netflix.com/in/title/17687517
134,Wheelman,https://www.netflix.com/in/title/80113669
135,Sweet Girl,https://www.netflix.com/in/title/81058613
136,Elysium,https://www.netflix.com/in/title/70251536
137,Ava,https://www.netflix.com/in/title/81034865
138,Watchmen,https://www.netflix.com/in/title/70099111
139,The Fugitive,https://www.netflix.com/in/title/528009
140,S.W.A.T.,https://www.netflix.com/in/title/60029196
141,Ocean's Twelve,https://www.netflix.com/in/title/70011211
142,Cellular,https://www.netflix.com/in/title/60034577
143,Heat,https://www.netflix.com/in/title/70020509
144,How It Ends,https://www.netflix.com/in/title/80167481
145,Extinction,https://www.netflix.com/in/title/80236421
146,Bright,https://www.netflix.com/in/title/80119234
147,Sleepless,https://www.netflix.com/in/title/80134513
148,Desperado,https://www.netflix.com/in/title/437266
149,In the Line of Fire,https://www.netflix.com/in/title/624420
150,Fifty Shades of Grey,https://www.netflix.com/in/title/80013872
151,Twilight,https://www.netflix.com/in/title/70099113
152,The Kissing Booth,https://www.netflix.com/in/title/80143556
153,The Royal Treatment,https://www.netflix.com/in/title/81228331
154,After We Fell,https://www.netflix.com/in/title/81397455
155,Top Gun,https://www.netflix.com/in/title/1056189
156,The Kissing Booth 3,https://www.netflix.com/in/title/81026819
157,All The Bright Places,https://www.netflix.com/in/title/80208802
158,The Twilight Saga: Breaking Dawn: Part 2,https://www.netflix.com/in/title/70206632
159,The Terminal,https://www.netflix.com/in/title/60034584
160,The Kissing Booth 2,https://www.netflix.com/in/title/81026818
161,Tall Girl,https://www.netflix.com/in/title/81002412
162,To All the Boys I’ve Loved Before,https://www.netflix.com/in/title/80203147
163,The Twilight Saga: New Moon,https://www.netflix.com/in/title/70113010
164,Forrest Gump,https://www.netflix.com/in/title/60000724
165,The Twilight Saga: Breaking Dawn: Part 1,https://www.netflix.com/in/title/70202142
166,The Notebook,https://www.netflix.com/in/title/60036227
167,The Holiday,https://www.netflix.com/in/title/70045854
168,Crazy Rich Asians,https://www.netflix.com/in/title/80239019
169,Jack the Giant Slayer,https://www.netflix.com/in/title/70213512
170,The Twilight Saga: Eclipse,https://www.netflix.com/in/title/70115878
171,Friends with Benefits,https://www.netflix.com/in/title/70167075
172,The Princess Switch,https://www.netflix.com/in/title/80242926
173,The Girl Next Door,https://www.netflix.com/in/title/60033326
174,He's All That,https://www.netflix.com/in/title/81446038
175,Unfaithful,https://www.netflix.com/in/title/60022959
176,The Tourist,https://www.netflix.com/in/title/70142888
177,Love Hard,https://www.netflix.com/in/title/81086631
178,No Strings Attached,https://www.netflix.com/in/title/70159317
179,Indecent Proposal,https://www.netflix.com/in/title/60022417
180,The Ugly Truth,https://www.netflix.com/in/title/70103759
181,To All the Boys: P.S. I Still Love You,https://www.netflix.com/in/title/81030842
182,To All The Boys: Always And Forever,https://www.netflix.com/in/title/81040397
183,The Perfect Date,https://www.netflix.com/in/title/81019888
184,Love & Other Drugs,https://www.netflix.com/in/title/70128698
185,13 Going on 30,https://www.netflix.com/in/title/60034573
186,Holidate,https://www.netflix.com/in/title/81034553
187,Just Go With It,https://www.netflix.com/in/title/70140922
188,Eat Pray Love,https://www.netflix.com/in/title/70130445
189,Sex and the City: The Movie,https://www.netflix.com/in/title/70084801
190,Meet Joe Black,https://www.netflix.com/in/title/5670418
191,The Space Between Us,https://www.netflix.com/in/title/80097424
192,Let It Snow,https://www.netflix.com/in/title/80201542
193,How to Lose a Guy in 10 Days,https://www.netflix.com/in/title/60026122
194,A Week Away,https://www.netflix.com/in/title/81183451
195,Serendipity,https://www.netflix.com/in/title/60021634
196,Sex and the City 2,https://www.netflix.com/in/title/70131315
197,Set It Up,https://www.netflix.com/in/title/80184100
198,The Half Of It,https://www.netflix.com/in/title/81005150
199,Afterlife of the Party,https://www.netflix.com/in/title/81095482
200,A Star Is Born,https://www.netflix.com/in/title/80221908
201,It's Complicated,https://www.netflix.com/in/title/70124574
202,Made of Honour,https://www.netflix.com/in/title/70093223
203,Irreplaceable You,https://www.netflix.com/in/title/80184625
204,The Guernsey Literary and Potato Peel Pie Society,https://www.netflix.com/in/title/80223371
205,Resort to Love,https://www.netflix.com/in/title/81076586
206,Naked,https://www.netflix.com/in/title/80142058
207,The Last Letter From Your Lover,https://www.netflix.com/in/title/81030821
208,Isn't It Romantic,https://www.netflix.com/in/title/80200642
209,When We First Met,https://www.netflix.com/in/title/80117531
210,The Last Summer,https://www.netflix.com/in/title/80999729
211,Sierra Burgess Is a Loser,https://www.netflix.com/in/title/80239639
212,Always Be My Maybe,https://www.netflix.com/in/title/80202874
213,Rebecca,https://www.netflix.com/in/title/81002196
214,The Mirror Has Two Faces,https://www.netflix.com/in/title/764186
215,Our Souls at Night,https://www.netflix.com/in/title/80104068
216,The Lovebirds,https://www.netflix.com/in/title/81248748
217,The Wrong Missy,https://www.netflix.com/in/title/81033865
218,Spanglish,https://www.netflix.com/in/title/70011214
219,The Age of Innocence,https://www.netflix.com/in/title/60011002
220,Burlesque,https://www.netflix.com/in/title/70137790
221,The Holiday Calendar,https://www.netflix.com/in/title/80242446
222,Ibiza,https://www.netflix.com/in/title/80195049
223,Eurovision Song Contest: The Story of Fire Saga,https://www.netflix.com/in/title/80244088
224,Candy Jar,https://www.netflix.com/in/title/80164864
225,The Dictator,https://www.netflix.com/in/title/70228042
226,You Don't Mess with the Zohan,https://www.netflix.com/in/title/70087541
227,The Hangover,https://www.netflix.com/in/title/70113002
228,The Package,https://www.netflix.com/in/title/80175147
229,The Girl Next Door,https://www.netflix.com/in/title/60033326
230,The Change-Up,https://www.netflix.com/in/title/70184053
231,The Hangover: Part II,https://www.netflix.com/in/title/70167070
232,American Pie 2,https://www.netflix.com/in/title/60021044
233,Year One,https://www.netflix.com/in/title/70112729
234,That's My Boy,https://www.netflix.com/in/title/70220030
235,Horrible Bosses,https://www.netflix.com/in/title/70167067
236,Neighbors,https://www.netflix.com/in/title/70297085
237,Horrible Bosses 2,https://www.netflix.com/in/title/70305927
238,Dolemite Is My Name,https://www.netflix.com/in/title/80182014
239,This Is the End,https://www.netflix.com/in/title/70264796
240,Sextuplets,https://www.netflix.com/in/title/80231419
241,Sex Tape,https://www.netflix.com/in/title/70301476
242,The Wrong Missy,https://www.netflix.com/in/title/81033865
243,The Do-Over,https://www.netflix.com/in/title/80063265
244,Bad Trip,https://www.netflix.com/in/title/81287254
245,The After Party,https://www.netflix.com/in/title/80144145
246,Ibiza,https://www.netflix.com/in/title/80195049
247,"Game Over, Man!",https://www.netflix.com/in/title/80169617
248,Good on Paper,https://www.netflix.com/in/title/81406319
249,America: The Motion Picture,https://www.netflix.com/in/title/80189631
250,Father of the Year,https://www.netflix.com/in/title/80185070
251,The Lonely Island Presents: The Unauthorized Bash Brothers Experience,https://www.netflix.com/in/title/81036190
252,Godzilla: King of the Monsters,https://www.netflix.com/in/title/81044417
253,Rampage,https://www.netflix.com/in/title/80216309
254,Men in Black: International,https://www.netflix.com/in/title/81057361
255,Journey 2: The Mysterious Island,https://www.netflix.com/in/title/70178621
256,The Amazing Spider-Man 2,https://www.netflix.com/in/title/70293702
257,Jumanji: Welcome to the Jungle,https://www.netflix.com/in/title/80192646
258,Don't Look Up,https://www.netflix.com/in/title/81252357
259,Transformers: The Last Knight,https://www.netflix.com/in/title/80164399
260,Warcraft,https://www.netflix.com/in/title/80093133
261,Venom,https://www.netflix.com/in/title/80991034
262,The Incredible Hulk,https://www.netflix.com/in/title/70087537
263,World War Z,https://www.netflix.com/in/title/70262639
264,Edge of Tomorrow,https://www.netflix.com/in/title/70298735
265,The Last Airbender,https://www.netflix.com/in/title/70119441
266,Pacific Rim,https://www.netflix.com/in/title/70267241
267,Gods of Egypt,https://www.netflix.com/in/title/80084088
268,G.I. Joe: Retaliation,https://www.netflix.com/in/title/70226287
269,Goosebumps,https://www.netflix.com/in/title/80049939
270,2012,https://www.netflix.com/in/title/70108779
271,Hulk,https://www.netflix.com/in/title/60027724
272,Bird Box,https://www.netflix.com/in/title/80196789
273,Wonder Woman,https://www.netflix.com/in/title/80157091
274,Van Helsing,https://www.netflix.com/in/title/60034569
275,The Matrix,https://www.netflix.com/in/title/20557937
276,Bumblebee,https://www.netflix.com/in/title/81004276
277,G.I. Joe: The Rise of Cobra,https://www.netflix.com/in/title/70108987
278,Transformers,https://www.netflix.com/in/title/70058026
279,The Mummy,https://www.netflix.com/in/title/20559714
280,Monster Hunter,https://www.netflix.com/in/title/80987626
281,Godzilla,https://www.netflix.com/in/title/70297757
282,Jack the Giant Slayer,https://www.netflix.com/in/title/70213512
283,Ready Player One,https://www.netflix.com/in/title/80211726
284,Death Race,https://www.netflix.com/in/title/70098610
285,In Time,https://www.netflix.com/in/title/70202129
286,Oblivion,https://www.netflix.com/in/title/70259170
287,Battleship,https://www.netflix.com/in/title/70217908
288,Hellboy II: The Golden Army,https://www.netflix.com/in/title/70075481
289,Transformers: Revenge of the Fallen,https://www.netflix.com/in/title/70103763
290,Passengers,https://www.netflix.com/in/title/80117456
291,Terminator 2: Judgment Day,https://www.netflix.com/in/title/60028202
292,Assassin's Creed,https://www.netflix.com/in/title/80117445
293,The Mummy Returns,https://www.netflix.com/in/title/60020549
294,Transformers: Dark of the Moon,https://www.netflix.com/in/title/70153859
295,Love and Monsters,https://www.netflix.com/in/title/81277430
296,Kong: Skull Island,https://www.netflix.com/in/title/80139562
297,The Scorpion King,https://www.netflix.com/in/title/60022643
298,The Mummy: Tomb of the Dragon Emperor,https://www.netflix.com/in/title/70099790
299,Dracula Untold,https://www.netflix.com/in/title/70305899
300,Arrival,https://www.netflix.com/in/title/80117799
301,Project Power,https://www.netflix.com/in/title/80204465
302,R.I.P.D.,https://www.netflix.com/in/title/70267729
303,Snow White & the Huntsman,https://www.netflix.com/in/title/70217912
304,Seventh Son,https://www.netflix.com/in/title/70275284
305,Constantine,https://www.netflix.com/in/title/70019508
306,Outside the Wire,https://www.netflix.com/in/title/81074110
307,The Matrix Reloaded,https://www.netflix.com/in/title/60027695
308,The Matrix Revolutions,https://www.netflix.com/in/title/60031303
309,Night Teeth,https://www.netflix.com/in/title/81043660
310,War of the Worlds,https://www.netflix.com/in/title/70021644
311,Deep Impact,https://www.netflix.com/in/title/11819345
312,13 Going on 30,https://www.netflix.com/in/title/60034573
313,The Change-Up,https://www.netflix.com/in/title/70184053
314,In the Shadow of the Moon,https://www.netflix.com/in/title/80231903
315,Fistful of Vengeance,https://www.netflix.com/in/title/80240904
316,Blade Runner 2049,https://www.netflix.com/in/title/80185760
317,The Last Witch Hunter,https://www.netflix.com/in/title/80052541
318,Divergent,https://www.netflix.com/in/title/70293461
319,Star Trek,https://www.netflix.com/in/title/70101276
320,Spectral,https://www.netflix.com/in/title/80098200
321,Godzilla,https://www.netflix.com/in/title/11819467
322,The Space Between Us,https://www.netflix.com/in/title/80097424
323,Deep Blue Sea,https://www.netflix.com/in/title/22013422
324,Ender's Game,https://www.netflix.com/in/title/70241755
325,The Witcher Season One Recap: From the Beginning,https://www.netflix.com/in/title/81555918
326,Battle: Los Angeles,https://www.netflix.com/in/title/70138789
327,Joker,https://www.netflix.com/in/title/81092221
328,Run,https://www.netflix.com/in/title/81157374
329,Now You See Me,https://www.netflix.com/in/title/70243464
330,Shutter Island,https://www.netflix.com/in/title/70095139
331,Bird Box,https://www.netflix.com/in/title/80196789
332,Zodiac,https://www.netflix.com/in/title/70044686
333,Unfaithful,https://www.netflix.com/in/title/60022959
334,Gone Girl,https://www.netflix.com/in/title/70305893
335,Seven,https://www.netflix.com/in/title/950149
336,Munich,https://www.netflix.com/in/title/70038133
337,Ocean's 8,https://www.netflix.com/in/title/80225841
338,Fight Club,https://www.netflix.com/in/title/26004747
339,The Da Vinci Code,https://www.netflix.com/in/title/70035186
340,Night Teeth,https://www.netflix.com/in/title/81043660
341,A Walk Among the Tombstones,https://www.netflix.com/in/title/80007406
342,The Guilty,https://www.netflix.com/in/title/81345983
343,The Departed,https://www.netflix.com/in/title/70044689
344,In the Shadow of the Moon,https://www.netflix.com/in/title/80231903
345,El Camino: A Breaking Bad Movie,https://www.netflix.com/in/title/81078819
346,Snowden,https://www.netflix.com/in/title/80064514
347,Gerald's Game,https://www.netflix.com/in/title/80128722
348,Windfall,https://www.netflix.com/in/title/81483895
349,Operation Finale,https://www.netflix.com/in/title/80986885
350,Fractured,https://www.netflix.com/in/title/80223997
351,Contagion,https://www.netflix.com/in/title/70185071
352,22 July,https://www.netflix.com/in/title/80210932
353,The Outsider,https://www.netflix.com/in/title/80152434
354,Mystic River,https://www.netflix.com/in/title/60031232
355,Kiss the Girls,https://www.netflix.com/in/title/1180086
356,The Devil All The Time,https://www.netflix.com/in/title/81028870
357,The Woman in the Window,https://www.netflix.com/in/title/81092222
358,Awake,https://www.netflix.com/in/title/81040362
359,The Mule,https://www.netflix.com/in/title/81035551
360,The Talented Mr. Ripley,https://www.netflix.com/in/title/60000209
361,I Care a Lot,https://www.netflix.com/in/title/81350429
362,A Perfect Murder,https://www.netflix.com/in/title/11819775
363,A Fall from Grace,https://www.netflix.com/in/title/81127902
364,Uncut Gems,https://www.netflix.com/in/title/80990663
365,The Red Sea Diving Resort,https://www.netflix.com/in/title/80240537
366,Taking Lives,https://www.netflix.com/in/title/60033314
367,TAU,https://www.netflix.com/in/title/80217569
368,1922,https://www.netflix.com/in/title/80135164
369,The Interpreter,https://www.netflix.com/in/title/70019510
370,Perfect Stranger,https://www.netflix.com/in/title/70058019
371,Wild Things,https://www.netflix.com/in/title/8188050
372,Savages,https://www.netflix.com/in/title/70221488
373,The Pledge,https://www.netflix.com/in/title/60004419
374,The Circle,https://www.netflix.com/in/title/80098473
375,The Glass House,https://www.netflix.com/in/title/60020817
376,The Devil's Own,https://www.netflix.com/in/title/1152837
377,Rebecca,https://www.netflix.com/in/title/81002196
378,The Last Thing He Wanted,https://www.netflix.com/in/title/80245076
379,Mother/Android,https://www.netflix.com/in/title/81038410
380,You Get Me,https://www.netflix.com/in/title/80155477
381,Velvet Buzzsaw,https://www.netflix.com/in/title/80199689
382,Mute,https://www.netflix.com/in/title/80119233
383,Clinical,https://www.netflix.com/in/title/80096955
384,Against All Odds,https://www.netflix.com/in/title/234365
385,Rebirth,https://www.netflix.com/in/title/80064459
386,See You Yesterday,https://www.netflix.com/in/title/80216758
387,The Good Shepherd,https://www.netflix.com/in/title/70044695
388,Fever Dream,https://www.netflix.com/in/title/80233703
389,Mercy,https://www.netflix.com/in/title/80077402
390,Small Crimes,https://www.netflix.com/in/title/80164212
391,Kung Fu Panda 3,https://www.netflix.com/in/title/80071348
392,The Angry Birds Movie 2,https://www.netflix.com/in/title/81073593
393,Kung Fu Panda,https://www.netflix.com/in/title/70075480
394,The Croods,https://www.netflix.com/in/title/70143241
395,Minions,https://www.netflix.com/in/title/80033394
396,Kung Fu Panda 2,https://www.netflix.com/in/title/70126574
397,How to Train Your Dragon,https://www.netflix.com/in/title/70109893
398,Back to the Outback,https://www.netflix.com/in/title/81002813
399,Hotel Transylvania 2,https://www.netflix.com/in/title/80048061
400,Despicable Me 2,https://www.netflix.com/in/title/70264803
401,Over the Moon,https://www.netflix.com/in/title/80214236
402,Despicable Me,https://www.netflix.com/in/title/70115629
403,The Secret Life of Pets,https://www.netflix.com/in/title/80095314
404,Madagascar: Escape 2 Africa,https://www.netflix.com/in/title/70099116
405,Hotel Transylvania 3: Summer Vacation,https://www.netflix.com/in/title/80233925
406,The Boss Baby: Get That Baby!,https://www.netflix.com/in/title/81054409
407,My Little Pony: A New Generation,https://www.netflix.com/in/title/81424207
408,Hotel Transylvania,https://www.netflix.com/in/title/70220028
409,Madagascar 3: Europe's Most Wanted,https://www.netflix.com/in/title/70216224
410,Penguins of Madagascar: The Movie,https://www.netflix.com/in/title/80013941
411,Megamind,https://www.netflix.com/in/title/70120612
412,Shrek,https://www.netflix.com/in/title/60020686
413,The Emoji Movie,https://www.netflix.com/in/title/80121840
414,Rise of the Guardians,https://www.netflix.com/in/title/70243449
415,The Angry Birds Movie,https://www.netflix.com/in/title/80091938
416,The Mitchells vs. The Machines,https://www.netflix.com/in/title/81399614
417,Monster House,https://www.netflix.com/in/title/70044595
418,Bee Movie,https://www.netflix.com/in/title/70060010
419,Next Gen,https://www.netflix.com/in/title/80988892
420,Shrek Forever After,https://www.netflix.com/in/title/70117295
421,Dog Gone Trouble,https://www.netflix.com/in/title/81349324
422,Puss in Boots,https://www.netflix.com/in/title/70202053
423,Latte and the Magic Waterstone,https://www.netflix.com/in/title/81050165
424,The SpongeBob Movie: Sponge Out of Water,https://www.netflix.com/in/title/80011621
425,Shrek the Third,https://www.netflix.com/in/title/70047102
426,Vivo,https://www.netflix.com/in/title/81199052
427,Home,https://www.netflix.com/in/title/70305922
428,Trollhunters: Rise of the Titans,https://www.netflix.com/in/title/81010139
429,Trolls,https://www.netflix.com/in/title/80108182
430,Over the Hedge,https://www.netflix.com/in/title/70044882
431,The Loud House Movie,https://www.netflix.com/in/title/81068804
432,Riverdance: The Animated Adventure,https://www.netflix.com/in/title/81487903
433,Kung Fu Panda: Secrets of the Scroll,https://www.netflix.com/in/title/80101096
434,White Fang,https://www.netflix.com/in/title/80245121
435,Canvas,https://www.netflix.com/in/title/81332733
436,The Lego Movie,https://www.netflix.com/in/title/70289949
437,The Smurfs,https://www.netflix.com/in/title/70141972
438,Extinct,https://www.netflix.com/in/title/81159137
439,The LEGO Movie 2: The Second Part,https://www.netflix.com/in/title/81016139
440,Cloudy with a Chance of Meatballs 2,https://www.netflix.com/in/title/70273612
441,Smallfoot,https://www.netflix.com/in/title/80233337
442,The Willoughbys,https://www.netflix.com/in/title/80239482
443,Kung Fu Panda: Holiday,https://www.netflix.com/in/title/70253397
444,Angela's Christmas,https://www.netflix.com/in/title/80230507
445,Monsters vs. Aliens,https://www.netflix.com/in/title/70102569
446,Fearless,https://www.netflix.com/in/title/81252403
447,Apollo 10 1/2: A Space Age Childhood,https://www.netflix.com/in/title/81161042
448,DreamWorks Shrek the Halls,https://www.netflix.com/in/title/70242143
449,Animal Crackers,https://www.netflix.com/in/title/81191856
450,Alien Xmas,https://www.netflix.com/in/title/80226040
451,Sitara: Let Girls Dream,https://www.netflix.com/in/title/81160765
452,Angela's Christmas 2,https://www.netflix.com/in/title/81151926
453,Spirit Riding Free: Ride Along Adventure,https://www.netflix.com/in/title/81054415
454,The Spooky Tale of Captain Underpants Hack-a-ween,https://www.netflix.com/in/title/81021976
455,Arlo the Alligator Boy,https://www.netflix.com/in/title/81018635
456,It Chapter Two,https://www.netflix.com/in/title/81081050
457,Army of the Dead,https://www.netflix.com/in/title/81046394
458,World War Z,https://www.netflix.com/in/title/70262639
459,A Quiet Place,https://www.netflix.com/in/title/80213226
460,The Silence,https://www.netflix.com/in/title/81021447
461,The Conjuring 2,https://www.netflix.com/in/title/80091246
462,Zombieland: Double Tap,https://www.netflix.com/in/title/81093420
463,Texas Chainsaw Massacre,https://www.netflix.com/in/title/81483977
464,Van Helsing,https://www.netflix.com/in/title/60034569
465,No One Gets Out Alive,https://www.netflix.com/in/title/80991313
466,The Babysitter,https://www.netflix.com/in/title/80164456
467,Fear Street Part 1: 1994,https://www.netflix.com/in/title/81325689
468,The Babysitter: Killer Queen,https://www.netflix.com/in/title/81012366
469,Fear Street Part 2: 1978,https://www.netflix.com/in/title/81334749
470,Death Note,https://www.netflix.com/in/title/80122759
471,Eli,https://www.netflix.com/in/title/80206910
472,Deep Blue Sea,https://www.netflix.com/in/title/22013422
473,Gerald's Game,https://www.netflix.com/in/title/80128722
474,Fear Street Part 3: 1666,https://www.netflix.com/in/title/81334750
475,The Devil's Advocate,https://www.netflix.com/in/title/1181732
476,In the Tall Grass,https://www.netflix.com/in/title/80237905
477,Annihilation,https://www.netflix.com/in/title/80206300
478,There's Someone Inside Your House,https://www.netflix.com/in/title/80240798
479,Doctor Sleep,https://www.netflix.com/in/title/80233020
480,Mother!,https://www.netflix.com/in/title/80185763
481,Thirteen Ghosts,https://www.netflix.com/in/title/60020824
482,The Perfection,https://www.netflix.com/in/title/80211638
483,Things Heard & Seen,https://www.netflix.com/in/title/81048729
484,Bram Stoker's Dracula,https://www.netflix.com/in/title/328942
485,Vampires vs. the Bronx,https://www.netflix.com/in/title/80998174
486,Wounds,https://www.netflix.com/in/title/80207495
487,Little Evil,https://www.netflix.com/in/title/80139506
488,Beetlejuice,https://www.netflix.com/in/title/293204
489,The Open House,https://www.netflix.com/in/title/80198661
490,Clinical,https://www.netflix.com/in/title/80096955
491,Warcraft,https://www.netflix.com/in/title/80093133
492,The Last Airbender,https://www.netflix.com/in/title/70119441
493,Gods of Egypt,https://www.netflix.com/in/title/80084088
494,Goosebumps,https://www.netflix.com/in/title/80049939
495,Wonder Woman,https://www.netflix.com/in/title/80157091
496,Van Helsing,https://www.netflix.com/in/title/60034569
497,The Mummy,https://www.netflix.com/in/title/20559714
498,Monster Hunter,https://www.netflix.com/in/title/80987626
499,Jack the Giant Slayer,https://www.netflix.com/in/title/70213512
500,Hellboy II: The Golden Army,https://www.netflix.com/in/title/70075481
501,Assassin's Creed,https://www.netflix.com/in/title/80117445
502,The Mummy Returns,https://www.netflix.com/in/title/60020549
503,Kong: Skull Island,https://www.netflix.com/in/title/80139562
504,The Scorpion King,https://www.netflix.com/in/title/60022643
505,The Mummy: Tomb of the Dragon Emperor,https://www.netflix.com/in/title/70099790
506,Dracula Untold,https://www.netflix.com/in/title/70305899
507,R.I.P.D.,https://www.netflix.com/in/title/70267729
508,Snow White & the Huntsman,https://www.netflix.com/in/title/70217912
509,Seventh Son,https://www.netflix.com/in/title/70275284
510,Constantine,https://www.netflix.com/in/title/70019508
511,Night Teeth,https://www.netflix.com/in/title/81043660
512,13 Going on 30,https://www.netflix.com/in/title/60034573
513,The Change-Up,https://www.netflix.com/in/title/70184053
514,Fistful of Vengeance,https://www.netflix.com/in/title/80240904
515,The Last Witch Hunter,https://www.netflix.com/in/title/80052541
516,The Space Between Us,https://www.netflix.com/in/title/80097424
517,The Witcher Season One Recap: From the Beginning,https://www.netflix.com/in/title/81555918
518,The Dark Tower,https://www.netflix.com/in/title/80133493
519,Afterlife of the Party,https://www.netflix.com/in/title/81095482
520,The 5th Wave,https://www.netflix.com/in/title/80067831
521,Bright,https://www.netflix.com/in/title/80119234
522,Bram Stoker's Dracula,https://www.netflix.com/in/title/328942
523,The Characters of the Continent,https://www.netflix.com/in/title/81555916
524,Charlie's Angels,https://www.netflix.com/in/title/80200573
525,The Bubble,https://www.netflix.com/in/title/81393268
526,Apollo 10 1/2: A Space Age Childhood,https://www.netflix.com/in/title/81161042
527,The Adam Project,https://www.netflix.com/in/title/81309354
528,Venom: Let There Be Carnage,https://www.netflix.com/in/title/81199145
529,Spider-Man: Into the Spider-Verse,https://www.netflix.com/in/title/81002747
530,The Angry Birds Movie 2,https://www.netflix.com/in/title/81073593
531,Dolittle,https://www.netflix.com/in/title/80200487
532,The Royal Treatment,https://www.netflix.com/in/title/81228331
533,Texas Chainsaw Massacre,https://www.netflix.com/in/title/81483977
534,Fistful of Vengeance,https://www.netflix.com/in/title/80240904
535,A Madea Homecoming,https://www.netflix.com/in/title/81510180
536,Home Team,https://www.netflix.com/in/title/81414099
537,Once Upon a Time in Hollywood,https://www.netflix.com/in/title/81064867
538,Zombieland: Double Tap,https://www.netflix.com/in/title/81093420
539,Windfall,https://www.netflix.com/in/title/81483895
540,Executive Decision,https://www.netflix.com/in/title/485218
541,Riverdance: The Animated Adventure,https://www.netflix.com/in/title/81487903
542,Holmes & Watson,https://www.netflix.com/in/title/81004274
543,Mother/Android,https://www.netflix.com/in/title/81038410
544,The House,https://www.netflix.com/in/title/81178338
545,Cat Burglar,https://www.netflix.com/in/title/81271335
546,Heart Shot,https://www.netflix.com/in/title/81343173
547,White Boy Rick,https://www.netflix.com/in/title/80195963
548,Forgive Us Our Trespasses,https://www.netflix.com/in/title/81320168
549,Erax,https://www.netflix.com/in/title/81349232
550,Mighty Express: Train Trouble,https://www.netflix.com/in/title/81349243
551,The Pursuit of Happyness,https://www.netflix.com/in/title/70044605
552,Don't Look Up,https://www.netflix.com/in/title/81252357
553,The Shawshank Redemption,https://www.netflix.com/in/title/70005379
554,The Old Guard,https://www.netflix.com/in/title/81038963
555,Catch Me If You Can,https://www.netflix.com/in/title/60024942
556,The Social Network,https://www.netflix.com/in/title/70132721
557,The Equalizer,https://www.netflix.com/in/title/70305892
558,Sully,https://www.netflix.com/in/title/80103102
559,Saving Private Ryan,https://www.netflix.com/in/title/21878564
560,A Quiet Place,https://www.netflix.com/in/title/80213226
561,Schindler's List,https://www.netflix.com/in/title/60036359
562,Cast Away,https://www.netflix.com/in/title/60020683
563,The Blind Side,https://www.netflix.com/in/title/70119811
564,Unbroken,https://www.netflix.com/in/title/70305949
565,The Green Mile,https://www.netflix.com/in/title/60000417
566,Forrest Gump,https://www.netflix.com/in/title/60000724
567,Wonder Woman,https://www.netflix.com/in/title/80157091
568,The Hangover,https://www.netflix.com/in/title/70113002
569,The Matrix,https://www.netflix.com/in/title/20557937
570,The Big Short,https://www.netflix.com/in/title/80075560
571,Gladiator,https://www.netflix.com/in/title/60000929
572,A Beautiful Mind,https://www.netflix.com/in/title/60021793
573,Inglourious Basterds,https://www.netflix.com/in/title/70108777
574,Terminator 2: Judgment Day,https://www.netflix.com/in/title/60028202
575,Seven,https://www.netflix.com/in/title/950149
576,Arrival,https://www.netflix.com/in/title/80117799
577,Django Unchained,https://www.netflix.com/in/title/70230640
578,Apollo 13,https://www.netflix.com/in/title/262866
579,Munich,https://www.netflix.com/in/title/70038133
580,The Last Samurai,https://www.netflix.com/in/title/60031274
581,Moneyball,https://www.netflix.com/in/title/70201437
582,Erin Brockovich,https://www.netflix.com/in/title/60000165
583,The Irishman,https://www.netflix.com/in/title/80175798
584,The Power of the Dog,https://www.netflix.com/in/title/81127997
585,Canvas,https://www.netflix.com/in/title/81332733
586,Inside Man,https://www.netflix.com/in/title/70044379
587,The King,https://www.netflix.com/in/title/80182016
588,Sherlock Holmes,https://www.netflix.com/in/title/70110558
589,Deep Impact,https://www.netflix.com/in/title/11819345
590,The Harder They Fall,https://www.netflix.com/in/title/81077494
591,American Gangster,https://www.netflix.com/in/title/70060009
592,The Departed,https://www.netflix.com/in/title/70044689
593,Blade Runner 2049,https://www.netflix.com/in/title/80185760
594,Marriage Story,https://www.netflix.com/in/title/80223779
595,Once Upon a Time in Hollywood,https://www.netflix.com/in/title/81064867
596,Flight,https://www.netflix.com/in/title/70243453
597,If Anything Happens I Love You,https://www.netflix.com/in/title/81349306
598,The Fugitive,https://www.netflix.com/in/title/528009
599,Julie & Julia,https://www.netflix.com/in/title/70112732
600,Mystic River,https://www.netflix.com/in/title/60031232
601,The Half Of It,https://www.netflix.com/in/title/81005150
602,The Talented Mr. Ripley,https://www.netflix.com/in/title/60000209
603,The Trial of the Chicago 7,https://www.netflix.com/in/title/81043755
604,"tick, tick...BOOM!",https://www.netflix.com/in/title/81149184
605,A Star Is Born,https://www.netflix.com/in/title/80221908
606,I Care a Lot,https://www.netflix.com/in/title/81350429
607,Uncut Gems,https://www.netflix.com/in/title/80990663
608,Kramer vs. Kramer,https://www.netflix.com/in/title/60010559
609,The Ballad of Buster Scruggs,https://www.netflix.com/in/title/80200267
610,First They Killed My Father,https://www.netflix.com/in/title/80067522
611,Silence,https://www.netflix.com/in/title/80146803
612,Two Distant Strangers,https://www.netflix.com/in/title/81447229
613,Richard Jewell,https://www.netflix.com/in/title/81211846
614,The Mirror Has Two Faces,https://www.netflix.com/in/title/764186
615,The Age of Innocence,https://www.netflix.com/in/title/60011002
616,Pieces of a Woman,https://www.netflix.com/in/title/81128745
617,The Boys in the Band,https://www.netflix.com/in/title/81000365
618,Passing,https://www.netflix.com/in/title/81424320
619,Da 5 Bloods,https://www.netflix.com/in/title/81045635
620,Ma Rainey's Black Bottom,https://www.netflix.com/in/title/81100780
621,MANK,https://www.netflix.com/in/title/81117189
622,Almost Famous,https://www.netflix.com/in/title/60002325
623,See You Yesterday,https://www.netflix.com/in/title/80216758
624,The Good Shepherd,https://www.netflix.com/in/title/70044695
625,Birdy,https://www.netflix.com/in/title/309139
626,Central Intelligence,https://www.netflix.com/in/title/80094318
627,Shazam!,https://www.netflix.com/in/title/81030627
628,Transformers: The Last Knight,https://www.netflix.com/in/title/80164399
629,Jack Reacher: Never Go Back,https://www.netflix.com/in/title/80106762
630,Venom,https://www.netflix.com/in/title/80991034
631,The Incredible Hulk,https://www.netflix.com/in/title/70087537
632,Mission: Impossible - Rogue Nation,https://www.netflix.com/in/title/80038359
633,Gemini Man,https://www.netflix.com/in/title/81093411
634,Rush Hour,https://www.netflix.com/in/title/17236928
635,Edge of Tomorrow,https://www.netflix.com/in/title/70298735
636,The Last Airbender,https://www.netflix.com/in/title/70119441
637,The Equalizer,https://www.netflix.com/in/title/70305892
638,Now You See Me 2,https://www.netflix.com/in/title/80093138
639,Pacific Rim,https://www.netflix.com/in/title/70267241
640,The Italian Job,https://www.netflix.com/in/title/60027706
641,Wanted,https://www.netflix.com/in/title/70075479
642,Saving Private Ryan,https://www.netflix.com/in/title/21878564
643,Top Gun,https://www.netflix.com/in/title/1056189
644,The Equalizer 2,https://www.netflix.com/in/title/80236390
645,Gods of Egypt,https://www.netflix.com/in/title/80084088
646,G.I. Joe: Retaliation,https://www.netflix.com/in/title/70226287
647,2012,https://www.netflix.com/in/title/70108779
648,Jack Reacher,https://www.netflix.com/in/title/70243455
649,Hulk,https://www.netflix.com/in/title/60027724
650,Birds of Prey (And the Fantabulous Emancipation of One Harley Quinn),https://www.netflix.com/in/title/81165134
651,Triple Frontier,https://www.netflix.com/in/title/80192187
652,Unbroken,https://www.netflix.com/in/title/70305949
653,12 Strong,https://www.netflix.com/in/title/80196613
654,300,https://www.netflix.com/in/title/70056440
655,Mission: Impossible - Ghost Protocol,https://www.netflix.com/in/title/70173048
656,Wonder Woman,https://www.netflix.com/in/title/80157091
657,Rush Hour 3,https://www.netflix.com/in/title/70059988
658,The Matrix,https://www.netflix.com/in/title/20557937
659,Bumblebee,https://www.netflix.com/in/title/81004276
660,G.I. Joe: The Rise of Cobra,https://www.netflix.com/in/title/70108987
661,Transformers,https://www.netflix.com/in/title/70058026
662,San Andreas,https://www.netflix.com/in/title/80027980
663,The Mummy,https://www.netflix.com/in/title/20559714
664,Monster Hunter,https://www.netflix.com/in/title/80987626
665,Gladiator,https://www.netflix.com/in/title/60000929
666,Godzilla,https://www.netflix.com/in/title/70297757
667,Jack the Giant Slayer,https://www.netflix.com/in/title/70213512
668,Ready Player One,https://www.netflix.com/in/title/80211726
669,Death Race,https://www.netflix.com/in/title/70098610
670,In Time,https://www.netflix.com/in/title/70202129
671,Oblivion,https://www.netflix.com/in/title/70259170
672,Suicide Squad,https://www.netflix.com/in/title/80091595
673,Battleship,https://www.netflix.com/in/title/70217908
674,Hellboy II: The Golden Army,https://www.netflix.com/in/title/70075481
675,Bad Boys,https://www.netflix.com/in/title/269880
676,Transformers: Revenge of the Fallen,https://www.netflix.com/in/title/70103763
677,Inglourious Basterds,https://www.netflix.com/in/title/70108777
678,Terminator 2: Judgment Day,https://www.netflix.com/in/title/60028202
679,Assassin's Creed,https://www.netflix.com/in/title/80117445
680,The Mummy Returns,https://www.netflix.com/in/title/60020549
681,Man on Fire,https://www.netflix.com/in/title/60034560
682,Transformers: Dark of the Moon,https://www.netflix.com/in/title/70153859
683,Mission: Impossible,https://www.netflix.com/in/title/765912
684,Love and Monsters,https://www.netflix.com/in/title/81277430
685,Executive Decision,https://www.netflix.com/in/title/485218
686,300: Rise of an Empire,https://www.netflix.com/in/title/70269488
687,The Tourist,https://www.netflix.com/in/title/70142888
688,Kong: Skull Island,https://www.netflix.com/in/title/80139562
689,Jason Bourne,https://www.netflix.com/in/title/80098202
690,The Scorpion King,https://www.netflix.com/in/title/60022643
691,xXx: The Return of Xander Cage,https://www.netflix.com/in/title/80124486
692,The Mummy: Tomb of the Dragon Emperor,https://www.netflix.com/in/title/70099790
693,Dracula Untold,https://www.netflix.com/in/title/70305899
694,Mission: Impossible III,https://www.netflix.com/in/title/70041961
695,Project Power,https://www.netflix.com/in/title/80204465
696,R.I.P.D.,https://www.netflix.com/in/title/70267729
697,Snow White & the Huntsman,https://www.netflix.com/in/title/70217912
698,Seventh Son,https://www.netflix.com/in/title/70275284
699,The Legend of Tarzan,https://www.netflix.com/in/title/80094721
700,Mission: Impossible II,https://www.netflix.com/in/title/60000521
701,The White Tiger,https://www.netflix.com/in/title/80202877
702,Rush Hour,https://www.netflix.com/in/title/17236928
703,The Equalizer,https://www.netflix.com/in/title/70305892
704,Now You See Me 2,https://www.netflix.com/in/title/80093138
705,The Italian Job,https://www.netflix.com/in/title/60027706
706,Wanted,https://www.netflix.com/in/title/70075479
707,The Equalizer 2,https://www.netflix.com/in/title/80236390
708,Now You See Me,https://www.netflix.com/in/title/70243464
709,Shutter Island,https://www.netflix.com/in/title/70095139
710,Jack Reacher,https://www.netflix.com/in/title/70243455
711,Triple Frontier,https://www.netflix.com/in/title/80192187
712,The Green Mile,https://www.netflix.com/in/title/60000417
713,Rush Hour 3,https://www.netflix.com/in/title/70059988
714,Bad Boys,https://www.netflix.com/in/title/269880
715,Man on Fire,https://www.netflix.com/in/title/60034560
716,Zodiac,https://www.netflix.com/in/title/70044686
717,Gone Girl,https://www.netflix.com/in/title/70305893
718,Seven,https://www.netflix.com/in/title/950149
719,The Tourist,https://www.netflix.com/in/title/70142888
720,Project Power,https://www.netflix.com/in/title/80204465
721,R.I.P.D.,https://www.netflix.com/in/title/70267729
722,Rush Hour 2,https://www.netflix.com/in/title/60020801
723,The Irishman,https://www.netflix.com/in/title/80175798
724,Mr. & Mrs. Smith,https://www.netflix.com/in/title/70021641
725,Inside Man,https://www.netflix.com/in/title/70044379
726,Sherlock Holmes,https://www.netflix.com/in/title/70110558
727,The Harder They Fall,https://www.netflix.com/in/title/81077494
728,A Walk Among the Tombstones,https://www.netflix.com/in/title/80007406
729,American Gangster,https://www.netflix.com/in/title/70060009
730,Spenser Confidential,https://www.netflix.com/in/title/81005492
731,The Guilty,https://www.netflix.com/in/title/81345983
732,The Unforgivable,https://www.netflix.com/in/title/81028975
733,The Departed,https://www.netflix.com/in/title/70044689
734,In the Shadow of the Moon,https://www.netflix.com/in/title/80231903
735,Blade Runner 2049,https://www.netflix.com/in/title/80185760
736,Pain & Gain,https://www.netflix.com/in/title/70259171
737,Sherlock Holmes: A Game of Shadows,https://www.netflix.com/in/title/70202148
738,The Jackal,https://www.netflix.com/in/title/1181643
739,Shaft,https://www.netflix.com/in/title/80232655
740,El Camino: A Breaking Bad Movie,https://www.netflix.com/in/title/81078819
741,Snowden,https://www.netflix.com/in/title/80064514
742,Windfall,https://www.netflix.com/in/title/81483895
743,The Judge,https://www.netflix.com/in/title/70305896
744,Wheelman,https://www.netflix.com/in/title/80113669
745,22 July,https://www.netflix.com/in/title/80210932
746,The Outsider,https://www.netflix.com/in/title/80152434
747,The Fugitive,https://www.netflix.com/in/title/528009
748,Mystic River,https://www.netflix.com/in/title/60031232
749,Kiss the Girls,https://www.netflix.com/in/title/1180086
750,21,https://www.netflix.com/in/title/70084788
751,The Devil All The Time,https://www.netflix.com/in/title/81028870
752,The Woman in the Window,https://www.netflix.com/in/title/81092222
753,S.W.A.T.,https://www.netflix.com/in/title/60029196
754,Ocean's Twelve,https://www.netflix.com/in/title/70011211
755,The Mule,https://www.netflix.com/in/title/81035551
756,Cellular,https://www.netflix.com/in/title/60034577
757,Heat,https://www.netflix.com/in/title/70020509
758,The Talented Mr. Ripley,https://www.netflix.com/in/title/60000209
759,A Perfect Murder,https://www.netflix.com/in/title/11819775
760,Lost Girls,https://www.netflix.com/in/title/80223927
761,A Fall from Grace,https://www.netflix.com/in/title/81127902
762,The Highwaymen,https://www.netflix.com/in/title/80200571
763,Uncut Gems,https://www.netflix.com/in/title/80990663
764,Chappie,https://www.netflix.com/in/title/80016588
765,Taking Lives,https://www.netflix.com/in/title/60033314
766,Point Blank,https://www.netflix.com/in/title/80221677
767,Bright,https://www.netflix.com/in/title/80119234
768,Sleepless,https://www.netflix.com/in/title/80134513
769,1922,https://www.netflix.com/in/title/80135164
770,Desperado,https://www.netflix.com/in/title/437266
771,In the Line of Fire,https://www.netflix.com/in/title/624420
772,Perfect Stranger,https://www.netflix.com/in/title/70058019
773,Wild Things,https://www.netflix.com/in/title/8188050
774,Savages,https://www.netflix.com/in/title/70221488
775,The Pledge,https://www.netflix.com/in/title/60004419
776,Sully,https://www.netflix.com/in/title/80103102
777,Schindler's List,https://www.netflix.com/in/title/60036359
778,The Blind Side,https://www.netflix.com/in/title/70119811
779,Unbroken,https://www.netflix.com/in/title/70305949
780,12 Strong,https://www.netflix.com/in/title/80196613
781,The Big Short,https://www.netflix.com/in/title/80075560
782,Fatherhood,https://www.netflix.com/in/title/81435227
783,A Beautiful Mind,https://www.netflix.com/in/title/60021793
784,Zodiac,https://www.netflix.com/in/title/70044686
785,300: Rise of an Empire,https://www.netflix.com/in/title/70269488
786,Apollo 13,https://www.netflix.com/in/title/262866
787,Munich,https://www.netflix.com/in/title/70038133
788,Moneyball,https://www.netflix.com/in/title/70201437
789,Erin Brockovich,https://www.netflix.com/in/title/60000165
790,Seven Years in Tibet,https://www.netflix.com/in/title/1179053
791,The King,https://www.netflix.com/in/title/80182016
792,American Gangster,https://www.netflix.com/in/title/70060009
793,Pain & Gain,https://www.netflix.com/in/title/70259171
794,Eat Pray Love,https://www.netflix.com/in/title/70130445
795,Snowden,https://www.netflix.com/in/title/80064514
796,The Great Raid,https://www.netflix.com/in/title/60033312
797,Blue Miracle,https://www.netflix.com/in/title/81298682
798,42,https://www.netflix.com/in/title/70259169
799,Operation Finale,https://www.netflix.com/in/title/80986885
800,22 July,https://www.netflix.com/in/title/80210932
801,Julie & Julia,https://www.netflix.com/in/title/70112732
802,The Two Popes,https://www.netflix.com/in/title/80174451
803,Outlaw King,https://www.netflix.com/in/title/80190859
804,Marie Antoinette,https://www.netflix.com/in/title/70044601
805,The Perfect Storm,https://www.netflix.com/in/title/60000884
806,The Trial of the Chicago 7,https://www.netflix.com/in/title/81043755
807,Lost Girls,https://www.netflix.com/in/title/80223927
808,The Highwaymen,https://www.netflix.com/in/title/80200571
809,Walk. Ride. Rodeo.,https://www.netflix.com/in/title/80995799
810,The Dirt,https://www.netflix.com/in/title/80169469
811,War Machine,https://www.netflix.com/in/title/80068327
812,First They Killed My Father,https://www.netflix.com/in/title/80067522
813,Concussion,https://www.netflix.com/in/title/80064511
814,Richard Jewell,https://www.netflix.com/in/title/81211846
815,Dolemite Is My Name,https://www.netflix.com/in/title/80182014
816,Kevin Hart's Guide to Black History,https://www.netflix.com/in/title/80231156
817,Penguin Bloom,https://www.netflix.com/in/title/81350434
818,The Laundromat,https://www.netflix.com/in/title/80994011
819,City of Lies,https://www.netflix.com/in/title/80208630
820,MANK,https://www.netflix.com/in/title/81117189
821,Hillbilly Elegy,https://www.netflix.com/in/title/81071970
822,The 15:17 to Paris,https://www.netflix.com/in/title/80223080
823,Barry,https://www.netflix.com/in/title/80144803
824,The Most Hated Woman in America,https://www.netflix.com/in/title/80082242
825,Roxanne Roxanne,https://www.netflix.com/in/title/80171733
826,A Futile and Stupid Gesture,https://www.netflix.com/in/title/80107084
827,Rodney King,https://www.netflix.com/in/title/80128715
